Processado,Método,URI,Marcadores
true,GET,https://downkingo.com,Semear
true,GET,https://downkingo.com/robots.txt,Semear
true,GET,https://downkingo.com/sitemap.xml,Semear
false,GET,http://www.sitemaps.org/schemas/sitemap/0.9,Fora do Escopo
true,GET,https://downkingo.com/sitemap-0.xml,
false,GET,http://www.google.com/schemas/sitemap-news/0.9,Fora do Escopo
false,GET,http://www.w3.org/1999/xhtml,Fora do Escopo
false,GET,http://www.google.com/schemas/sitemap-image/1.1,Fora do Escopo
false,GET,http://www.google.com/schemas/sitemap-video/1.1,Fora do Escopo
true,GET,https://downkingo.com/,
true,GET,https://downkingo.com/author/emanuel-nunes/,
true,GET,https://downkingo.com/blog/,
true,GET,https://downkingo.com/blog/best-open-source-video-downloaders/,
true,GET,https://downkingo.com/blog/convert-video-formats-guide/,
true,GET,https://downkingo.com/blog/how-to-download-tiktok-without-watermark/,
true,GET,https://downkingo.com/blog/how-to-download-youtube-videos-2026/,
true,GET,https://downkingo.com/blog/how-to-transcribe-audio-video-ai/,
true,GET,https://downkingo.com/blog/tag/ai/,
true,GET,https://downkingo.com/blog/tag/announcement/,
true,GET,https://downkingo.com/blog/tag/comparison/,
true,GET,https://downkingo.com/blog/tag/conversion/,
true,GET,https://downkingo.com/blog/tag/downkingo/,
true,GET,https://downkingo.com/blog/tag/formats/,
true,GET,https://downkingo.com/blog/tag/guide/,
true,GET,https://downkingo.com/blog/tag/open-source/,
true,GET,https://downkingo.com/blog/tag/tiktok/,
true,GET,https://downkingo.com/blog/tag/transcription/,
true,GET,https://downkingo.com/blog/tag/tutorial/,
true,GET,https://downkingo.com/blog/tag/video-download/,
true,GET,https://downkingo.com/blog/tag/whisper/,
true,GET,https://downkingo.com/blog/tag/youtube/,
true,GET,https://downkingo.com/blog/welcome-to-downkingo-blog/,
true,GET,https://downkingo.com/dailymotion-downloader/,
true,GET,https://downkingo.com/development/,
true,GET,https://downkingo.com/docs/,
true,GET,https://downkingo.com/download/,
true,GET,https://downkingo.com/facebook-downloader/,
true,GET,https://downkingo.com/features/,
true,GET,https://downkingo.com/instagram-downloader/,
true,GET,https://downkingo.com/installation/,
true,GET,https://downkingo.com/kwai-downloader/,
true,GET,https://downkingo.com/pinterest-downloader/,
true,GET,https://downkingo.com/pt/,
true,GET,https://downkingo.com/pt/autor/emanuel-nunes/,
true,GET,https://downkingo.com/pt/blog/,
true,GET,https://downkingo.com/pt/blog/bem-vindo-ao-blog-downkingo/,
true,GET,https://downkingo.com/pt/blog/como-baixar-tiktok-sem-marca-dagua/,
true,GET,https://downkingo.com/pt/blog/como-baixar-videos-youtube-2026/,
true,GET,https://downkingo.com/pt/blog/como-transcrever-audio-video-ia/,
true,GET,https://downkingo.com/pt/blog/guia-converter-formatos-video/,
true,GET,https://downkingo.com/pt/blog/melhores-downloaders-video-open-source/,
true,GET,https://downkingo.com/pt/blog/tag/an%C3%BAncio/,
true,GET,https://downkingo.com/pt/blog/tag/comparativo/,
true,GET,https://downkingo.com/pt/blog/tag/convers%C3%A3o/,
true,GET,https://downkingo.com/pt/blog/tag/downkingo/,
true,GET,https://downkingo.com/pt/blog/tag/download-video/,
true,GET,https://downkingo.com/pt/blog/tag/formatos/,
true,GET,https://downkingo.com/pt/blog/tag/guia/,
true,GET,https://downkingo.com/pt/blog/tag/ia/,
true,GET,https://downkingo.com/pt/blog/tag/open-source/,
true,GET,https://downkingo.com/pt/blog/tag/tiktok/,
true,GET,https://downkingo.com/pt/blog/tag/transcri%C3%A7%C3%A3o/,
true,GET,https://downkingo.com/pt/blog/tag/tutorial/,
true,GET,https://downkingo.com/pt/blog/tag/whisper/,
true,GET,https://downkingo.com/pt/blog/tag/youtube/,
true,GET,https://downkingo.com/pt/dailymotion-downloader/,
true,GET,https://downkingo.com/pt/development/,
true,GET,https://downkingo.com/pt/docs/,
true,GET,https://downkingo.com/pt/download/,
true,GET,https://downkingo.com/pt/facebook-downloader/,
true,GET,https://downkingo.com/pt/features/,
true,GET,https://downkingo.com/pt/ferramentas/,
true,GET,https://downkingo.com/pt/instagram-downloader/,
true,GET,https://downkingo.com/pt/installation/,
true,GET,https://downkingo.com/pt/kwai-downloader/,
true,GET,https://downkingo.com/pt/pinterest-downloader/,
true,GET,https://downkingo.com/pt/reddit-downloader/,
true,GET,https://downkingo.com/pt/roadmap/,
true,GET,https://downkingo.com/pt/soundcloud-downloader/,
true,GET,https://downkingo.com/pt/spotify-downloader/,
true,GET,https://downkingo.com/pt/tiktok-downloader/,
true,GET,https://downkingo.com/pt/twitch-downloader/,
true,GET,https://downkingo.com/pt/twitter-downloader/,
true,GET,https://downkingo.com/pt/vimeo-downloader/,
true,GET,https://downkingo.com/pt/youtube-downloader/,
true,GET,https://downkingo.com/reddit-downloader/,
true,GET,https://downkingo.com/roadmap/,
true,GET,https://downkingo.com/soundcloud-downloader/,
true,GET,https://downkingo.com/spotify-downloader/,
true,GET,https://downkingo.com/tiktok-downloader/,
true,GET,https://downkingo.com/tools/,
true,GET,https://downkingo.com/twitch-downloader/,
true,GET,https://downkingo.com/twitter-downloader/,
true,GET,https://downkingo.com/vimeo-downloader/,
true,GET,https://downkingo.com/youtube-downloader/,
false,GET,https://github.com/down-kingo/downkingo,Fora do Escopo
false,GET,https://github.com/orgs/down-kingo/projects/2,Fora do Escopo
true,GET,https://downkingo.com/icon.ico?v=2,
true,GET,https://downkingo.com/fonts/inter-900.woff2,
true,GET,https://downkingo.com/fonts/inter-400.woff2,
true,GET,https://downkingo.com/fonts/jetbrains-mono-400.woff2,
true,GET,https://downkingo.com/fonts/jetbrains-mono-500.woff2,
true,GET,https://downkingo.com/scripts/console-filter.js,
true,GET,https://downkingo.com/scripts/lang-redirect.js,
true,GET,https://downkingo.com/_astro/page.DTPp-pk-.js,
true,GET,https://downkingo.com/scripts/ui-effects.js,
false,GET,https://static.cloudflareinsights.com/beacon.min.js/vcd15cbe7772f49c399c6a5babf22c1241717689176015,Fora do Escopo
true,GET,https://downkingo.com/_astro/kingo.ByG9PjmT.ico,
true,GET,https://downkingo.com/_astro/wails-icon.yQeJYx7j.ico,
true,GET,https://downkingo.com/_astro/build-in-public-kingo.BnwY7DK0_Z2m5PoG.webp,
true,GET,https://downkingo.com/_astro/issues.J-njkAaH_1LnF7w.webp,
false,GET,https://github.com/down-kingo,Fora do Escopo
false,GET,https://www.linkedin.com/in/emanuel-nunes002/,Fora do Escopo
false,GET,https://x.com/EMANUELSOARES71,Fora do Escopo
true,GET,https://downkingo.com/_astro/ClientRouter.astro_astro_type_script_index_0_lang.DxD8ucBX.js,
true,GET,https://downkingo.com/_astro/transcriber-ai.C8aC4gXl_22GDh2.png,
true,GET,https://downkingo.com/_astro/welcome-hero.KpfLQg_1_Z2i7xfz.png,
true,GET,https://downkingo.com/_astro/youtube-download.CtmHG0if_ZpU2GF.png,
true,GET,https://downkingo.com/_astro/open-source-downloaders.D7VBny5o_ZJnv24.png,
true,GET,https://downkingo.com/_astro/tiktok-download.DucAIOa5_5mbYM.png,
true,GET,https://downkingo.com/_astro/video-formats.zTcyOxXY_Z9yuad.png,
false,GET,https://fonts.googleapis.com/,Fora do Escopo
false,GET,https://fonts.gstatic.com/,Fora do Escopo
false,GET,"https://fonts.googleapis.com/css2?display=swap&family=Nunito:ital,wght@0,400;0,800;0,900;1,400;1,800;1,900",Fora do Escopo
true,GET,https://downkingo.com/_astro/welcome-hero.KpfLQg_1_2lwdzM.webp,
true,GET,https://downkingo.com/_astro/open-source-downloaders.D7VBny5o_10cF95.webp,
true,GET,https://downkingo.com/_astro/youtube-download.CtmHG0if_1SmlfU.webp,
true,GET,https://downkingo.com/pt/blog/tag/guide/,
true,GET,https://downkingo.com/_astro/video-formats.zTcyOxXY_ZA6R8M.webp,
true,GET,https://downkingo.com/_astro/transcriber-ai.C8aC4gXl_1thQKz.webp,
true,GET,https://downkingo.com/_astro/tiktok-download.DucAIOa5_Z197UoY.webp,
true,GET,https://downkingo.com/pt/blog/tag/video-download/,
false,GET,https://wails.io/,Fora do Escopo
false,GET,https://github.com/yt-dlp/yt-dlp,Fora do Escopo
false,GET,https://ffmpeg.org/,Fora do Escopo
false,GET,https://github.com/openai/whisper,Fora do Escopo
false,GET,https://twitter.com/intent/tweet?text=Welcome%20to%20the%20DownKingo%20Blog%3A%20Our%20Journey%20Begins&url=https%3A%2F%2Fdownkingo.com%2Fblog%2Fwelcome-to-downkingo-blog%2F,Fora do Escopo
false,GET,https://www.facebook.com/sharer/sharer.php?u=https%3A%2F%2Fdownkingo.com%2Fblog%2Fwelcome-to-downkingo-blog%2F,Fora do Escopo
true,GET,https://downkingo.com/_astro/welcome-hero.KpfLQg_1_ssF4h.webp,
true,GET,https://downkingo.com/_astro/transcriber-ai.C8aC4gXl_Z2aXfd0.webp,
true,GET,https://downkingo.com/_astro/youtube-download.CtmHG0if_Z1Lh9Av.webp,
true,GET,https://downkingo.com/pt/blog/tag/announcement/,
false,GET,https://en.wikipedia.org/wiki/Advanced_Video_Coding,Fora do Escopo
false,GET,https://en.wikipedia.org/wiki/High_Efficiency_Video_Coding,Fora do Escopo
false,GET,https://en.wikipedia.org/wiki/VP9,Fora do Escopo
false,GET,https://aomedia.org/av1/,Fora do Escopo
false,GET,https://www.plex.tv/,Fora do Escopo
false,GET,https://jellyfin.org/,Fora do Escopo
false,GET,https://www.apple.com/final-cut-pro/,Fora do Escopo
false,GET,https://opus-codec.org/,Fora do Escopo
false,GET,https://twitter.com/intent/tweet?text=Convert%20Video%20Formats%3A%20MP4%2C%20MKV%2C%20WebM%20%26%20More&url=https%3A%2F%2Fdownkingo.com%2Fblog%2Fconvert-video-formats-guide%2F,Fora do Escopo
false,GET,https://www.facebook.com/sharer/sharer.php?u=https%3A%2F%2Fdownkingo.com%2Fblog%2Fconvert-video-formats-guide%2F,Fora do Escopo
true,GET,https://downkingo.com/_astro/video-formats.zTcyOxXY_Hbm9j.webp,
true,GET,https://downkingo.com/_astro/open-source-downloaders.D7VBny5o_Z2hVrAv.webp,
false,GET,https://github.com/down-kingo/downkingo/releases/download/v2.0.3/DownKingo.exe,Fora do Escopo
false,GET,https://github.com/down-kingo/downkingo/releases/download/v2.0.3/DownKingo.AppImage,Fora do Escopo
false,GET,https://github.com/down-kingo/downkingo/releases/download/v1.1.0/Kinematic.dmg,Fora do Escopo
true,GET,https://downkingo.com/icon.ico?v=3,
true,GET,https://downkingo.com/scripts/os-detect.js,
true,GET,https://downkingo.com/DownKingo.AppImage,
false,GET,https://en.wikipedia.org/wiki/Dynamic_Adaptive_Streaming_over_HTTP,Fora do Escopo
false,GET,https://xiph.org/flac/,Fora do Escopo
false,GET,https://creativecommons.org/,Fora do Escopo
false,GET,https://twitter.com/intent/tweet?text=Download%20YouTube%20Videos%20in%202026%20(4K%2C%20MP3%20%26%20More)&url=https%3A%2F%2Fdownkingo.com%2Fblog%2Fhow-to-download-youtube-videos-2026%2F,Fora do Escopo
false,GET,https://www.facebook.com/sharer/sharer.php?u=https%3A%2F%2Fdownkingo.com%2Fblog%2Fhow-to-download-youtube-videos-2026%2F,Fora do Escopo
true,GET,https://downkingo.com/_astro/transcriber-ai.C8aC4gXl_Z1gQJlS.webp,
true,GET,https://downkingo.com/_astro/youtube-download.CtmHG0if_Z1EuUa3.webp,
true,GET,https://downkingo.com/_astro/tiktok-download.DucAIOa5_1lKg14.webp,
true,GET,https://downkingo.com/sitemap-index.xml,
true,GET,https://downkingo.com/icon.ico,
true,GET,https://downkingo.com/_astro/print.DNXP8c50.css,
true,GET,https://downkingo.com/_astro/Search.astro_astro_type_script_index_0_lang.cjYDvRdi.js,
false,GET,https://go.dev/dl/,Fora do Escopo
false,GET,https://bun.sh/,Fora do Escopo
true,GET,https://downkingo.com/_astro/ec.v4551.css,
true,GET,https://downkingo.com/_astro/ec.0vx5m.js,
false,GET,https://twitter.com/intent/tweet?text=Bem-vindo%20ao%20Blog%20do%20DownKingo&url=https%3A%2F%2Fdownkingo.com%2Fpt%2Fblog%2Fbem-vindo-ao-blog-downkingo%2F,Fora do Escopo
false,GET,https://www.facebook.com/sharer/sharer.php?u=https%3A%2F%2Fdownkingo.com%2Fpt%2Fblog%2Fbem-vindo-ao-blog-downkingo%2F,Fora do Escopo
false,GET,https://sponsor.ajay.app/,Fora do Escopo
false,GET,https://react.dev/,Fora do Escopo
false,GET,https://www.sqlite.org/,Fora do Escopo
false,GET,https://github.com/axcore/tartube,Fora do Escopo
false,GET,https://flathub.org/apps/org.nickvision.tubeconverter,Fora do Escopo
false,GET,https://www.gnome.org/,Fora do Escopo
false,GET,https://stacher.io/,Fora do Escopo
false,GET,https://www.4kdownload.com/,Fora do Escopo
false,GET,https://twitter.com/intent/tweet?text=Best%20Open%20Source%20Video%20Downloaders%20in%202026&url=https%3A%2F%2Fdownkingo.com%2Fblog%2Fbest-open-source-video-downloaders%2F,Fora do Escopo
false,GET,https://www.facebook.com/sharer/sharer.php?u=https%3A%2F%2Fdownkingo.com%2Fblog%2Fbest-open-source-video-downloaders%2F,Fora do Escopo
true,GET,https://downkingo.com/_astro/open-source-downloaders.D7VBny5o_Z1Iaeff.webp,
true,GET,https://downkingo.com/_astro/video-formats.zTcyOxXY_Z1KV306.webp,
false,GET,https://www.tiktok.com/community-guidelines,Fora do Escopo
false,GET,https://www.eff.org/issues/privacy,Fora do Escopo
false,GET,https://twitter.com/intent/tweet?text=How%20to%20Download%20TikTok%20Videos%20Without%20Watermark&url=https%3A%2F%2Fdownkingo.com%2Fblog%2Fhow-to-download-tiktok-without-watermark%2F,Fora do Escopo
false,GET,https://www.facebook.com/sharer/sharer.php?u=https%3A%2F%2Fdownkingo.com%2Fblog%2Fhow-to-download-tiktok-without-watermark%2F,Fora do Escopo
true,GET,https://downkingo.com/_astro/tiktok-download.DucAIOa5_Z2dwdca.webp,
false,GET,https://twitter.com/intent/tweet?text=Converter%20Formatos%20de%20Video%3A%20MP4%2C%20MKV%2C%20WebM%20e%20Mais&url=https%3A%2F%2Fdownkingo.com%2Fpt%2Fblog%2Fguia-converter-formatos-video%2F,Fora do Escopo
false,GET,https://www.facebook.com/sharer/sharer.php?u=https%3A%2F%2Fdownkingo.com%2Fpt%2Fblog%2Fguia-converter-formatos-video%2F,Fora do Escopo
false,GET,https://twitter.com/intent/tweet?text=Baixar%20Videos%20do%20YouTube%20em%202026%20(4K%2C%20MP3%20e%20Mais)&url=https%3A%2F%2Fdownkingo.com%2Fpt%2Fblog%2Fcomo-baixar-videos-youtube-2026%2F,Fora do Escopo
false,GET,https://www.facebook.com/sharer/sharer.php?u=https%3A%2F%2Fdownkingo.com%2Fpt%2Fblog%2Fcomo-baixar-videos-youtube-2026%2F,Fora do Escopo
true,GET,https://downkingo.com/blog/tag/anúncio/,
true,GET,https://downkingo.com/blog/tag/comparativo/,
false,GET,https://twitter.com/intent/tweet?text=Melhores%20Downloaders%20de%20Video%20Open%20Source%202026&url=https%3A%2F%2Fdownkingo.com%2Fpt%2Fblog%2Fmelhores-downloaders-video-open-source%2F,Fora do Escopo
false,GET,https://www.facebook.com/sharer/sharer.php?u=https%3A%2F%2Fdownkingo.com%2Fpt%2Fblog%2Fmelhores-downloaders-video-open-source%2F,Fora do Escopo
true,GET,https://downkingo.com/blog/tag/guia/,
true,GET,https://downkingo.com/blog/tag/ia/,
false,GET,https://twitter.com/intent/tweet?text=Como%20Baixar%20V%C3%ADdeos%20do%20TikTok%20Sem%20Marca%20D'%C3%81gua&url=https%3A%2F%2Fdownkingo.com%2Fpt%2Fblog%2Fcomo-baixar-tiktok-sem-marca-dagua%2F,Fora do Escopo
false,GET,https://www.facebook.com/sharer/sharer.php?u=https%3A%2F%2Fdownkingo.com%2Fpt%2Fblog%2Fcomo-baixar-tiktok-sem-marca-dagua%2F,Fora do Escopo
true,GET,https://downkingo.com/blog/tag/download-video/,
true,GET,https://downkingo.com/blog/tag/transcrição/,
true,GET,https://downkingo.com/pt,
true,GET,https://downkingo.com/pt/blog/tag/formats/,
true,GET,https://downkingo.com/pt/blog/tag/ai/,
true,GET,https://downkingo.com/blog/tag/formatos/,
false,GET,https://github.com/down-kingo/downkingo/blob/main/CONTRIBUTING.md,Fora do Escopo
false,GET,https://github.com/down-kingo/downkingo/blob/main/LICENSE,Fora do Escopo
false,GET,https://otter.ai/,Fora do Escopo
false,GET,https://cloud.google.com/speech-to-text,Fora do Escopo
false,GET,https://aws.amazon.com/transcribe/,Fora do Escopo
false,GET,https://developer.nvidia.com/cuda-toolkit,Fora do Escopo
false,GET,https://twitter.com/intent/tweet?text=Transcribe%20Audio%20%26%20Video%20with%20AI%20Using%20DownKingo&url=https%3A%2F%2Fdownkingo.com%2Fblog%2Fhow-to-transcribe-audio-video-ai%2F,Fora do Escopo
false,GET,https://www.facebook.com/sharer/sharer.php?u=https%3A%2F%2Fdownkingo.com%2Fblog%2Fhow-to-transcribe-audio-video-ai%2F,Fora do Escopo
true,GET,https://downkingo.com/_astro/transcriber-ai.C8aC4gXl_ZONM2h.webp,
true,GET,https://downkingo.com/pt/blog/tag/transcription/,
false,GET,https://twitter.com/intent/tweet?text=Transcrever%20Audio%20e%20Video%20com%20IA%20no%20DownKingo&url=https%3A%2F%2Fdownkingo.com%2Fpt%2Fblog%2Fcomo-transcrever-audio-video-ia%2F,Fora do Escopo
false,GET,https://www.facebook.com/sharer/sharer.php?u=https%3A%2F%2Fdownkingo.com%2Fpt%2Fblog%2Fcomo-transcrever-audio-video-ia%2F,Fora do Escopo
true,GET,https://downkingo.com/blog/tag/conversão/,
true,GET,https://downkingo.com/pt/blog/tag/comparison/,
true,GET,https://downkingo.com/pt/blog/tag/conversion/,
true,GET,https://downkingo.com/404,
true,GET,https://downkingo.com/404/,
true,GET,https://downkingo.com/pt/404/,
